INSERT INTO `t_user` (`id`, `avatarURL`, `dateOfBirth`, `gender`, `name`, `password`, `smoker`, `username`) VALUES
	(1, NULL, '1993-01-01', 1, 'TestUser', '2ac9cb7dc02b3c0083eb70898e549b63', 0, 'username@addcar.controller.it.example.com'),
	(2, NULL, '1993-01-01', 1, 'otherUser', '2ac9cb7dc02b3c0083eb70898e549b63', 0, 'otheruser@car.controller.it.example.com'),
	(3, NULL, '1993-01-01', 1, 'TestUser', '2ac9cb7dc02b3c0083eb70898e549b63', 0, 'username@route.controller.it.example.com'),
	(4, NULL, '1993-10-20', 0, 'username', '70c04e53f3216a44d9b4f3e517f9b45c', 0, 'username@cp.test.com'),
	(5, NULL, '1993-10-20', 0, 'username', '2ac9cb7dc02b3c0083eb70898e549b63', 0, 'username@lc.test.com'),
	(6, NULL, '1993-10-20', 1, 'TestUser', 'adbd9581843b090f677a7570ed47f791', 0, 'profile@test.com'),
	(7, NULL, '1993-10-03', 0, 'Test User', '2ac9cb7dc02b3c0083eb70898e549b63', 1, 'username@rc.test.com'),
	(8, NULL, '1993-10-03', 0, 'Test User', '2ac9cb7dc02b3c0083eb70898e549b63', 1, 'username2@rc.test.com'),
	(9, NULL, '1993-04-12', 1, 'Tim', 'b5058238d6ae739867815a4ddf405de3', 1, 'timv@nroe.yen'),
	(10, NULL, '1993-10-20', 0, 'PJ', '0907a61f74e304e8538d84914c99e2c5', 0, 'gio@degruyter.com'),
	(11, NULL, '1993-04-12', 1, 'Tim', 'b5058238d6ae739867815a4ddf405de3', 1, 'thierryv@nnn.loo'),
	(12, NULL, '1993-10-20', 1, 'TestUser', 'adbd9581843b090f677a7570ed47f791', 0, 'user@tt.test.com'),
	(13, NULL, '1993-10-20', 1, 'TestUser', 'adbd9581843b090f677a7570ed47f791', 0, 'user2@tt.test.com'),
	(14, NULL, '1993-10-20', 1, 'TestUser', 'adbd9581843b090f677a7570ed47f791', 0, 'user3@tt.test.com'),
	(15, NULL, '1993-10-20', 1, 'TestUser', 'adbd9581843b090f677a7570ed47f791', 0, 'user4@tt.test.com'),
	(16, NULL, '1993-10-20', 1, 'TestUser', 'adbd9581843b090f677a7570ed47f791', 0, 'Thierry@test.com'),
	(17, NULL, '1993-10-20', 1, 'TestUser', 'adbd9581843b090f677a7570ed47f791', 0, 'TestUser2@test.com'),
	(18, NULL, '1993-10-20', 1, 'TestUser', 'adbd9581843b090f677a7570ed47f791', 0, 'TestUser3@test.com'),
	(19, 'src\\main\\webapp\\userImages\\TestUser-1688883175.png', '1993-10-20', 1, 'TestUser', 'adbd9581843b090f677a7570ed47f791', 0, 'Thierry2@test.com'),
	(20, NULL, '1993-10-20', 0, 'OneCarUser', 'adbd9581843b090f677a7570ed47f791', 0, 'Onecar@test.com'),
	(21, NULL, '1914-02-08', 0, 'PJ', 'd1557bbeb3b6a8d1689728a1afbb3928', 1, 'pieterjanvdp@gmail.com'),
	(22, NULL, '1993-05-05', 0, 'My Name', 'bb0739bd5ce6d7c38bd15681f6f5b1f5', 1, 'ihaveacar@cars.car'),
	(23, NULL, '1993-10-20', 0, 'Wimmetje', '48df5fcbd46f7beb49840eb03af4c190', 0, 'test@user.com');

INSERT INTO `t_car` (`carId`, `name`, `consumption`, `fuelType`, `pictureURL`, `type`, `userId`) VALUES
	(1, 'Ford', 8, 2, NULL, 'Fiesta', 2),
	(2, 'Ford', 8, 2, NULL, 'Fiesta', 1),
	(3, 'Audi', 11, 0, NULL, 'A5', NULL),
	(4, 'Renault', 9.9, 0, NULL, 'Civic', 6),
	(5, 'Renault', 9.9, 0, NULL, 'Civic', 6),
	(6, 'Renault', 9.9, 0, NULL, 'Civic', 6),
	(7, 'Skoda', 10.3, 1, NULL, 'Sködalike', NULL),
	(8, 'Peugeot', 7.2, 0, NULL, 'Partner', 9),
	(9, 'Lamborghini', 18.3, 2, NULL, 'Aventador', 10),
	(10, 'Peugeot', 7.2, 0, NULL, 'Partner', 11),
	(11, 'Audi', 11, 0, NULL, 'A5', NULL),
	(12, 'Audi', 11, 0, 'src\\main\\webapp\\carImages\\AudiA51938203996.jpg', 'A5', NULL),
	(13, 'BMW', 11, 0, NULL, 'X9', 20),
	(14, 'Renault', 9.9, 0, NULL, 'Civic', 20),
	(15, 'Renault', 9.9, 0, NULL, 'Civic', 20),
	(16, 'Renault', 9.9, 0, NULL, 'Civic', 20),
	(17, 'Audi', 10.2, 0, NULL, 'C4', NULL);

	INSERT INTO `t_session` (`id`, `expirationDate`, `sessionToken`, `user_id`) VALUES
	(1, '2014-02-25 13:58:54', '18a8a009-1eb7-437c-a6b6-4e1706356cdc', 1),
	(2, '2014-02-25 13:58:54', 'db695b5f-6a75-487d-ab02-2bf804469859', 3),
	(3, '2014-02-25 13:58:55', 'cffe0b57-51a6-4b88-95a8-b91afccc7acd', 4),
	(4, '2014-02-25 13:58:55', '9f23dfb3-c19e-47d0-84f8-8b1db75e651e', 5),
	(5, '2014-02-25 13:58:55', 'ee0ff093-4984-49e2-9657-15a0320402e7', 7),
	(6, '2014-02-25 13:58:55', 'a7e8d5e5-9f33-487b-be02-68248f7e0c39', 8),
	(7, '2014-02-25 13:58:57', 'f433b76e-1889-4566-8d51-d8cb5046b1b5', 18),
	(8, '2014-02-25 13:58:57', '69f3afdb-6e07-490e-9c8c-4155c0d3f11a', 16),
	(10, '2014-02-25 13:58:58', '5018259a-224a-4645-a1bb-0c73b27c28f6', 21),
	(11, '2014-02-25 13:58:58', 'c57832a0-b06a-4d9c-94fd-52f279bcd501', 19);


INSERT INTO `t_route` (`id`, `begin_date`, `capacity`, `end_date`, `repeating`, `carId`, `userId`, `routeId`) VALUES
	(1, _binary 0xACED0005737200136F72672E746872656574656E2E62702E536572955D84BA1B2248B20C00007870770E04000007DE02180C3A3708D24D0078, 69, _binary 0xACED0005737200136F72672E746872656574656E2E62702E536572955D84BA1B2248B20C00007870770E04000007DE02180C3A3708D24D0078, 1, 8, 9, NULL),
	(2, _binary 0xACED0005737200136F72672E746872656574656E2E62702E536572955D84BA1B2248B20C00007870770E04000007DE02180C3A37119557C078, 69, _binary 0xACED0005737200136F72672E746872656574656E2E62702E536572955D84BA1B2248B20C00007870770E04000007DE02180C3A37119557C078, 0, 9, 10, 10),
	(3, _binary 0xACED0005737200136F72672E746872656574656E2E62702E536572955D84BA1B2248B20C00007870770E04000007DE02180C3A37187F5CC078, 69, _binary 0xACED0005737200136F72672E746872656574656E2E62702E536572955D84BA1B2248B20C00007870770E04000007DE02180C3A37187F5CC078, 1, 10, 11, NULL),
	(4, _binary 0xACED0005737200136F72672E746872656574656E2E62702E536572955D84BA1B2248B20C00007870770904000007DE0A0308E678, 4, _binary 0xACED0005737200136F72672E746872656574656E2E62702E536572955D84BA1B2248B20C00007870770804000007DE0A03EE78, 1, 11, 12, 12),
	(5, _binary 0xACED0005737200136F72672E746872656574656E2E62702E536572955D84BA1B2248B20C00007870770904000007DE0A0308E678, 4, _binary 0xACED0005737200136F72672E746872656574656E2E62702E536572955D84BA1B2248B20C00007870770804000007DE0A03EE78, 1, 11, 13, 13),
	(6, _binary 0xACED0005737200136F72672E746872656574656E2E62702E536572955D84BA1B2248B20C00007870770904000007DE0A0308E678, 4, _binary 0xACED0005737200136F72672E746872656574656E2E62702E536572955D84BA1B2248B20C00007870770804000007DE0A03EE78, 1, 11, 14, 14),
	(7, _binary 0xACED0005737200136F72672E746872656574656E2E62702E536572955D84BA1B2248B20C00007870770904000007DE0A0308E678, 4, _binary 0xACED0005737200136F72672E746872656574656E2E62702E536572955D84BA1B2248B20C00007870770804000007DE0A03EE78, 1, 11, 15, 15);

INSERT INTO `t_weekdayroute` (`weekdayrouteId`, `day`, `routeId`) VALUES
	(1, 0, 1),
	(2, 1, 1);

INSERT INTO `t_traject` (`id`, `isAccepted`, `dropoffId`, `pickupId`, `routeId`, `userId`) VALUES
	(1, 0, 30, 29, 4, 12),
	(2, 0, 32, 31, 7, 15);

INSERT INTO `t_place` (`placeId`, `lat`, `lon`, `name`, `placeTime`) VALUES
	(1, 231.989, 132.567, 'Kieldrecht', NULL),
	(2, 431.99, 411.989, 'Zwijndrecht Krijgsbaan', NULL),
	(3, 564.987, 342.971, 'Carpoolparking Vrasene', NULL),
	(4, 154.987, 189.987, 'Melsele Dijk', NULL),
	(5, 10, 10, 'Home', NULL),
	(6, 20, 10, 'Work', NULL),
	(7, 10, 20, 'RouteHome', NULL),
	(8, 11, 20, 'RouteWork', NULL),
	(9, 231.989, 132.567, 'Kieldrecht', NULL),
	(10, 431.99, 411.989, 'Zwijndrecht Krijgsbaan', NULL),
	(11, 564.987, 342.971, 'Carpoolparking Vrasene', NULL),
	(12, 154.987, 189.987, 'Melsele Dijk', NULL),
	(13, 10, 20, 'RouteAHome', NULL),
	(14, 11, 20, 'RouteAWork', NULL),
	(15, 10, 20, 'RouteBHome', NULL),
	(16, 11, 20, 'RouteBWork', NULL),
	(17, 10, 20, 'RouteCHome', NULL),
	(18, 11, 20, 'RouteCWork', NULL),
	(19, 10, 20, 'RouteCHome', NULL),
	(20, 11, 20, 'RouteCWork', NULL),
	(21, 10, 20, 'UserHome', NULL),
	(22, 11, 20, 'UserWork', NULL),
	(23, 9, 18, 'OtherUserHome', NULL),
	(24, 9, 20, 'OtherUserWork', NULL),
	(25, 10, 20, 'UserHome', NULL),
	(26, 11, 20, 'UserWork', NULL),
	(27, 9, 18, 'OtherUserHome', NULL);

INSERT INTO `t_placetime` (`placetimeId`, `time`, `placeId`, `routeId`, `trajectId`, `weekdayRouteId`) VALUES
	(1, _binary 0xACED0005737200136F72672E746872656574656E2E62702E536572955D84BA1B2248B20C00007870770205F778, 1, NULL, NULL, 1),
	(2, _binary 0xACED0005737200136F72672E746872656574656E2E62702E536572955D84BA1B2248B20C0000787077030508F578, 2, NULL, NULL, 1),
	(3, _binary 0xACED0005737200136F72672E746872656574656E2E62702E536572955D84BA1B2248B20C0000787077030508EB78, 3, NULL, NULL, 1),
	(4, _binary 0xACED0005737200136F72672E746872656574656E2E62702E536572955D84BA1B2248B20C0000787077030508E678, 4, NULL, NULL, 1),
	(5, _binary 0xACED0005737200136F72672E746872656574656E2E62702E536572955D84BA1B2248B20C00007870770205F878, 1, NULL, NULL, 2),
	(6, _binary 0xACED0005737200136F72672E746872656574656E2E62702E536572955D84BA1B2248B20C0000787077030507F578, 2, NULL, NULL, 2),
	(7, _binary 0xACED0005737200136F72672E746872656574656E2E62702E536572955D84BA1B2248B20C0000787077030507EB78, 3, NULL, NULL, 2),
	(8, _binary 0xACED0005737200136F72672E746872656574656E2E62702E536572955D84BA1B2248B20C0000787077030507E678, 4, NULL, NULL, 2),
	(9, _binary 0xACED0005737200136F72672E746872656574656E2E62702E536572955D84BA1B2248B20C0000787077030508EB78, 5, 1, NULL, NULL),
	(10, _binary 0xACED0005737200136F72672E746872656574656E2E62702E536572955D84BA1B2248B20C0000787077030512EB78, 6, 1, NULL, NULL),
	(11, _binary 0xACED0005737200136F72672E746872656574656E2E62702E536572955D84BA1B2248B20C0000787077030508E178, 7, 2, NULL, NULL),
	(12, _binary 0xACED0005737200136F72672E746872656574656E2E62702E536572955D84BA1B2248B20C0000787077030510E178, 8, 2, NULL, NULL),
	(13, _binary 0xACED0005737200136F72672E746872656574656E2E62702E536572955D84BA1B2248B20C00007870770205F778, 9, 3, NULL, NULL),
	(14, _binary 0xACED0005737200136F72672E746872656574656E2E62702E536572955D84BA1B2248B20C0000787077030508F578, 10, 3, NULL, NULL),
	(15, _binary 0xACED0005737200136F72672E746872656574656E2E62702E536572955D84BA1B2248B20C0000787077030508EB78, 11, 3, NULL, NULL),
	(16, _binary 0xACED0005737200136F72672E746872656574656E2E62702E536572955D84BA1B2248B20C0000787077030508E678, 12, 3, NULL, NULL),
	(17, _binary 0xACED0005737200136F72672E746872656574656E2E62702E536572955D84BA1B2248B20C00007870770205F878, 9, 3, NULL, NULL),
	(18, _binary 0xACED0005737200136F72672E746872656574656E2E62702E536572955D84BA1B2248B20C0000787077030507F578, 10, 3, NULL, NULL),
	(19, _binary 0xACED0005737200136F72672E746872656574656E2E62702E536572955D84BA1B2248B20C0000787077030507EB78, 11, 3, NULL, NULL),
	(20, _binary 0xACED0005737200136F72672E746872656574656E2E62702E536572955D84BA1B2248B20C0000787077030507E678, 12, 3, NULL, NULL),
	(21, _binary 0xACED0005737200136F72672E746872656574656E2E62702E536572955D84BA1B2248B20C0000787077030508E178, 13, 4, NULL, NULL),
	(22, _binary 0xACED0005737200136F72672E746872656574656E2E62702E536572955D84BA1B2248B20C0000787077030510E178, 14, 4, NULL, NULL),
	(23, _binary 0xACED0005737200136F72672E746872656574656E2E62702E536572955D84BA1B2248B20C0000787077030508E178, 15, 5, NULL, NULL),
	(24, _binary 0xACED0005737200136F72672E746872656574656E2E62702E536572955D84BA1B2248B20C0000787077030510E178, 16, 5, NULL, NULL),
	(25, _binary 0xACED0005737200136F72672E746872656574656E2E62702E536572955D84BA1B2248B20C0000787077030508E178, 17, 6, NULL, NULL),
	(26, _binary 0xACED0005737200136F72672E746872656574656E2E62702E536572955D84BA1B2248B20C0000787077030510E178, 18, 6, NULL, NULL),
	(27, _binary 0xACED0005737200136F72672E746872656574656E2E62702E536572955D84BA1B2248B20C0000787077030508E178, 19, 7, NULL, NULL),
	(28, _binary 0xACED0005737200136F72672E746872656574656E2E62702E536572955D84BA1B2248B20C0000787077030510E178, 20, 7, NULL, NULL),
	(29, _binary 0xACED0005737200136F72672E746872656574656E2E62702E536572955D84BA1B2248B20C0000787077030508E678, 21, 4, 1, NULL),
	(30, _binary 0xACED0005737200136F72672E746872656574656E2E62702E536572955D84BA1B2248B20C000078707703050CE178, 22, 4, 1, NULL),
	(31, _binary 0xACED0005737200136F72672E746872656574656E2E62702E536572955D84BA1B2248B20C0000787077030509E178, 23, NULL, 2, NULL),
	(32, _binary 0xACED0005737200136F72672E746872656574656E2E62702E536572955D84BA1B2248B20C0000787077030511D278, 24, NULL, 2, NULL),
	(35, _binary 0xACED0005737200136F72672E746872656574656E2E62702E536572955D84BA1B2248B20C0000787077030509E178, 27, NULL, NULL, NULL);


















