-- --------------------------------------------------------
-- Host:                         127.0.0.1
-- Server version:               5.6.13 - MySQL Community Server (GPL)
-- Server OS:                    Win64
-- HeidiSQL Version:             8.0.0.4396
-- --------------------------------------------------------

/*!40101 SET @OLD_CHARACTER_SET_CLIENT=@@CHARACTER_SET_CLIENT */;
/*!40101 SET NAMES utf8 */;
/*!40014 SET @OLD_FOREIGN_KEY_CHECKS=@@FOREIGN_KEY_CHECKS, FOREIGN_KEY_CHECKS=0 */;
/*!40101 SET @OLD_SQL_MODE=@@SQL_MODE, SQL_MODE='NO_AUTO_VALUE_ON_ZERO' */;
-- Dumping data for table groepa.t_car: ~10 rows (approximately)
/*!40000 ALTER TABLE `t_car` DISABLE KEYS */;
INSERT INTO `t_car` (`carId`, `name`, `consumption`, `fuelType`, `pictureURL`, `type`, `userId`) VALUES
	(1, 'Audi', 11, 0, NULL, 'A5', NULL),
	(2, 'Renault', 9.9, 0, NULL, 'Civic', 4),
	(3, 'Renault', 9.9, 0, NULL, 'Civic', 4),
	(4, 'Renault', 9.9, 0, NULL, 'Civic', 4),
	(5, 'Skoda', 10.3, 1, NULL, 'Sködalike', NULL),
	(6, 'Lamborghini', 18.3, 2, NULL, 'Aventador', 7),
	(7, 'Audi', 11, 0, 'src\\main\\webapp\\carImages\\AudiA51063524914.jpg', 'A5', NULL),
	(8, 'BMW', 11, 0, NULL, 'X9', 12),
	(9, 'Renault', 9.9, 0, NULL, 'Civic', 12),
	(10, 'Renault', 9.9, 0, NULL, 'Civic', 12),
	(11, 'Renault', 9.9, 0, NULL, 'Civic', 12),
	(12, 'Audi', 10.2, 0, NULL, 'C4', NULL);
/*!40000 ALTER TABLE `t_car` ENABLE KEYS */;

-- Dumping data for table groepa.t_place: ~0 rows (approximately)
/*!40000 ALTER TABLE `t_place` DISABLE KEYS */;
/*!40000 ALTER TABLE `t_place` ENABLE KEYS */;

-- Dumping data for table groepa.t_placetime: ~0 rows (approximately)
/*!40000 ALTER TABLE `t_placetime` DISABLE KEYS */;
/*!40000 ALTER TABLE `t_placetime` ENABLE KEYS */;

INSERT INTO `t_user` (`id`, `avatarURL`, `dateOfBirth`, `gender`, `name`, `password`, `smoker`, `username`) VALUES
	(1, NULL, _binary 0xACED0005737200136F72672E746872656574656E2E62702E536572955D84BA1B2248B20C00007870770703000007C9010178, 1, 'TestUser', '2ac9cb7dc02b3c0083eb70898e549b63', 0, 'username@route.controller.it.example.com'),
	(2, NULL, _binary 0xACED0005737200136F72672E746872656574656E2E62702E536572955D84BA1B2248B20C00007870770703000007C90A1478, 0, 'username', '70c04e53f3216a44d9b4f3e517f9b45c', 0, 'username@cp.test.com'),
	(3, NULL, _binary 0xACED0005737200136F72672E746872656574656E2E62702E536572955D84BA1B2248B20C00007870770703000007C90A1478, 0, 'username', '2ac9cb7dc02b3c0083eb70898e549b63', 0, 'username@lc.test.com'),
	(4, NULL, _binary 0xACED0005737200136F72672E746872656574656E2E62702E536572955D84BA1B2248B20C00007870770703000007C90A1478, 1, 'TestUser', 'adbd9581843b090f677a7570ed47f791', 0, 'profile@test.com'),
	(5, NULL, _binary 0xACED0005737200136F72672E746872656574656E2E62702E536572955D84BA1B2248B20C00007870770703000007C90A0378, 0, 'Test User', '2ac9cb7dc02b3c0083eb70898e549b63', 1, 'username@rc.test.com'),
	(6, NULL, _binary 0xACED0005737200136F72672E746872656574656E2E62702E536572955D84BA1B2248B20C00007870770703000007C90A0378, 0, 'Test User', '2ac9cb7dc02b3c0083eb70898e549b63', 1, 'username2@rc.test.com'),
	(7, NULL, _binary 0xACED0005737200136F72672E746872656574656E2E62702E536572955D84BA1B2248B20C00007870770703000007C90A1478, 0, 'PJ', '0907a61f74e304e8538d84914c99e2c5', 0, 'gio@degruyter.com'),
	(8, NULL, _binary 0xACED0005737200136F72672E746872656574656E2E62702E536572955D84BA1B2248B20C00007870770703000007C90A1478, 1, 'TestUser', 'adbd9581843b090f677a7570ed47f791', 0, 'Thierry@test.com'),
	(9, NULL, _binary 0xACED0005737200136F72672E746872656574656E2E62702E536572955D84BA1B2248B20C00007870770703000007C90A1478, 1, 'TestUser', 'adbd9581843b090f677a7570ed47f791', 0, 'TestUser2@test.com'),
	(10, NULL, _binary 0xACED0005737200136F72672E746872656574656E2E62702E536572955D84BA1B2248B20C00007870770703000007C90A1478, 1, 'TestUser', 'adbd9581843b090f677a7570ed47f791', 0, 'TestUser3@test.com'),
	(11, 'src\\main\\webapp\\userImages\\TestUser369705051.png', _binary 0xACED0005737200136F72672E746872656574656E2E62702E536572955D84BA1B2248B20C00007870770703000007C90A1478, 1, 'TestUser', 'adbd9581843b090f677a7570ed47f791', 0, 'Thierry2@test.com'),
	(12, NULL, _binary 0xACED0005737200136F72672E746872656574656E2E62702E536572955D84BA1B2248B20C00007870770703000007C90A1478, 0, 'OneCarUser', 'adbd9581843b090f677a7570ed47f791', 0, 'Onecar@test.com'),
	(13, NULL, _binary 0xACED0005737200136F72672E746872656574656E2E62702E536572955D84BA1B2248B20C00007870770703000007C90A1478, 0, 'Wimmetje', '48df5fcbd46f7beb49840eb03af4c190', 0, 'test@user.com'),
	(14, NULL, _binary 0xACED0005737200136F72672E746872656574656E2E62702E536572955D84BA1B2248B20C000078707707030000077A020878, 0, 'PJ', 'd1557bbeb3b6a8d1689728a1afbb3928', 1, 'pieterjanvdp@gmail.com'),
	(15, NULL, _binary 0xACED0005737200136F72672E746872656574656E2E62702E536572955D84BA1B2248B20C00007870770703000007C9050578, 0, 'My Name', 'bb0739bd5ce6d7c38bd15681f6f5b1f5', 1, 'ihaveacar@cars.car');
-- Dumping data for table groepa.t_route: ~0 rows (approximately)
/*!40000 ALTER TABLE `t_route` DISABLE KEYS */;
INSERT INTO `t_route` (`id`, `begin_date`, `capacity`, `end_date`, `repeating`, `carId`, `userId`, `routeId`) VALUES
	(1, _binary 0xACED0005737200136F72672E746872656574656E2E62702E536572955D84BA1B2248B20C00007870770E04000007DE021410210F312C804078, 69, _binary 0xACED0005737200136F72672E746872656574656E2E62702E536572955D84BA1B2248B20C00007870770E04000007DE021410210F312C804078, 0, 6, 7, NULL);
/*!40000 ALTER TABLE `t_route` ENABLE KEYS */;

-- Dumping data for table groepa.t_session: ~6 rows (approximately)
/*!40000 ALTER TABLE `t_session` DISABLE KEYS */;
INSERT INTO `t_session` (`id`, `expirationDate`, `sessionToken`, `user_id`) VALUES
	(1, _binary 0xACED0005737200136F72672E746872656574656E2E62702E536572955D84BA1B2248B20C00007870770E04000007DE021510210E2D89B70078, 'c3e1d76c-cb50-4bb7-ba19-69e54c6080f8', 1),
	(2, _binary 0xACED0005737200136F72672E746872656574656E2E62702E536572955D84BA1B2248B20C00007870770E04000007DE021510210F0B9F76C078, '39a468d0-5169-40cb-9d92-3323babe894d', 2),
	(3, _binary 0xACED0005737200136F72672E746872656574656E2E62702E536572955D84BA1B2248B20C00007870770E04000007DE021510210F1547634078, '887c7769-b5a8-4e59-94aa-91a4892afd29', 3),
	(4, _binary 0xACED0005737200136F72672E746872656574656E2E62702E536572955D84BA1B2248B20C00007870770E04000007DE021510210F29B9270078, '16b87290-cd6d-49d9-84bd-6a25c7ad5f77', 5),
	(5, _binary 0xACED0005737200136F72672E746872656574656E2E62702E536572955D84BA1B2248B20C00007870770E04000007DE021510210F2F62BCC078, '84874b83-024c-44d3-b5b6-cca69d17e340', 6),
	(7, _binary 0xACED0005737200136F72672E746872656574656E2E62702E536572955D84BA1B2248B20C00007870770E04000007DE021510210F39C1C44078, 'df948038-93f5-4acb-b2e0-4032f1259d95', 10),
	(8, _binary 0xACED0005737200136F72672E746872656574656E2E62702E536572955D84BA1B2248B20C00007870770A04000007DE02151021EF78, '1668bc85-b7b0-4705-9e6b-0955f1ab3c67', 8),
	(9, _binary 0xACED0005737200136F72672E746872656574656E2E62702E536572955D84BA1B2248B20C00007870770E04000007DE0215102111379C734078, '0eb43025-6162-4124-b53d-ddf39ae3266a', 14),
	(10, _binary 0xACED0005737200136F72672E746872656574656E2E62702E536572955D84BA1B2248B20C00007870770E04000007DE021510211138BE5E0078, '4e49289a-6085-4ff5-8193-cc5a7fcf24de', 11);
/*!40000 ALTER TABLE `t_session` ENABLE KEYS */;

-- Dumping data for table groepa.t_user: ~10 rows (approximately)
/*!40000 ALTER TABLE `t_user` DISABLE KEYS */;

/*!40000 ALTER TABLE `t_user` ENABLE KEYS */;

-- Dumping data for table groepa.t_weekdayroute: ~0 rows (approximately)
/*!40000 ALTER TABLE `t_weekdayroute` DISABLE KEYS */;
/*!40000 ALTER TABLE `t_weekdayroute` ENABLE KEYS */;
/*!40101 SET SQL_MODE=IFNULL(@OLD_SQL_MODE, '') */;
/*!40014 SET FOREIGN_KEY_CHECKS=IF(@OLD_FOREIGN_KEY_CHECKS IS NULL, 1, @OLD_FOREIGN_KEY_CHECKS) */;
/*!40101 SET CHARACTER_SET_CLIENT=@OLD_CHARACTER_SET_CLIENT */;
